Designator,Footprint,Quantity,Value,LCSC Part #
C1,C_0805_2012Metric_Pad1.15x1.40mm_HandSolder,1,10uF 10V,
C2,C_0805_2012Metric_Pad1.15x1.40mm_HandSolder,1,10uF 10V,
C3,C_0805_2012Metric_Pad1.15x1.40mm_HandSolder,1,100nF,
C4,C_0805_2012Metric_Pad1.15x1.40mm_HandSolder,1,100nF,
C6,C_0805_2012Metric_Pad1.15x1.40mm_HandSolder,1,10uF 10V,
C7,C_0805_2012Metric_Pad1.15x1.40mm_HandSolder,1,1uF 10V,
C8,C_0805_2012Metric_Pad1.15x1.40mm_HandSolder,1,10uF 10V,
C9,C_0805_2012Metric_Pad1.15x1.40mm_HandSolder,1,100nF,
D1,LED_0805_2012Metric,1,LED,
D2,D_DO-41_SOD81_P10.16mm_Horizontal,1,1N4001,
D3,LED_D5.0mm-4_RGB,1,LED_ABRG,
F1,Fuse_1210_3225Metric_Pad1.42x2.65mm_HandSolder,1,0ZCH0150FF2E,
J3,TB00950803BE,1,TERMINAL BLOCK 3 POSIZIONI,
K1,RELAY_SRD-05VDC-SL-C,1,SRD-05VDC-SL-C,
R1,R_0805_2012Metric_Pad1.15x1.40mm_HandSolder,1,10K,
R2,R_0805_2012Metric_Pad1.15x1.40mm_HandSolder,1,10K,
R3,R_0805_2012Metric_Pad1.15x1.40mm_HandSolder,1,220R,
R4,R_0805_2012Metric_Pad1.15x1.40mm_HandSolder,1,1K,
R5,R_0805_2012Metric_Pad1.15x1.40mm_HandSolder,1,220R,
R6,R_0805_2012Metric_Pad1.15x1.40mm_HandSolder,1,220R,
R7,R_0805_2012Metric_Pad1.15x1.40mm_HandSolder,1,2k2,
R8,R_0805_2012Metric_Pad1.15x1.40mm_HandSolder,1,1k,
R9,R_0805_2012Metric_Pad1.15x1.40mm_HandSolder,1,10k,
R10,R_0805_2012Metric_Pad1.15x1.40mm_HandSolder,1,10k,
R11,R_0805_2012Metric_Pad1.15x1.40mm_HandSolder,1,100R,
R12,R_0805_2012Metric_Pad1.15x1.40mm_HandSolder,1,10k,
R13,R_0805_2012Metric_Pad1.15x1.40mm_HandSolder,1,100k,
R14,R_0805_2012Metric_Pad1.15x1.40mm_HandSolder,1,100R,
R15,R_0805_2012Metric_Pad1.15x1.40mm_HandSolder,1,1k,
R16,R_0805_2012Metric_Pad1.15x1.40mm_HandSolder,1,100R,
R17,R_0805_2012Metric_Pad1.15x1.40mm_HandSolder,1,1k,
R18,R_0805_2012Metric_Pad1.15x1.40mm_HandSolder,1,22k,
R19,R_0805_2012Metric_Pad1.15x1.40mm_HandSolder,1,6k8,
R20,R_0805_2012Metric_Pad1.15x1.40mm_HandSolder,1,10k,
R21,R_0805_2012Metric_Pad1.15x1.40mm_HandSolder,1,100R,
R22,R_0805_2012Metric_Pad1.15x1.40mm_HandSolder,1,10k,
U1,TO-252-2,1,NCP1117-3.3,
U2,SOIC-14_3.9x8.7mm_P1.27mm,1,LM324DR2G,
U3,TO-92_Inline,1,DS18B20,
Power1,PinHeader_1x08_P2.54mm_Vertical,1,Conn_01x08,
TEMP1,PinSocket_1x03_P2.54mm_Vertical,1,Conn_01x03,
TEMP2,PinSocket_1x03_P2.54mm_Vertical,1,Conn_01x03,
H1,MountingHole_3.2mm_M3,1,MountingHole,
H2,MountingHole_3.2mm_M3,1,MountingHole,
H3,MountingHole_3.2mm_M3,1,MountingHole,
Q2,SOT-23,1,DMN3404L,
FID3,Fiducial_1mm_Mask2mm,1,Fiducial,
R26,R_0805_2012Metric_Pad1.20x1.40mm_HandSolder,1,3k3,
C11,C_0805_2012Metric_Pad1.18x1.45mm_HandSolder,1,10uF 10V,
Q3,SOT-23,1,BC848,
R32,R_0805_2012Metric_Pad1.20x1.40mm_HandSolder,1,0R,
R24,R_0805_2012Metric_Pad1.20x1.40mm_HandSolder,1,6k8,
R27,R_0805_2012Metric_Pad1.20x1.40mm_HandSolder,1,1K,
D7,SOD3716X135N,1,BAT54T1G,
MIC1,CMEJ041542LP,1,CMEJ-0415-42-LP,
R35,R_0805_2012Metric_Pad1.20x1.40mm_HandSolder,1,10K,
R30,R_0805_2012Metric_Pad1.20x1.40mm_HandSolder,1,1k,
JP1,PinHeader_1x02_P2.54mm_Vertical,1,Jumper_2_Bridged,
FID1,Fiducial_1mm_Mask2mm,1,Fiducial,
FID2,Fiducial_1mm_Mask2mm,1,Fiducial,
SW1,SW_PUSH_6mm_H4.3mm,1,SW_Push,
R28,R_0805_2012Metric_Pad1.20x1.40mm_HandSolder,1,1K,
D6,SOD2613X100N,1,AQ3530-01FTG,
ESP8266,RHDR8W79P254_2X4_1067X495X851P,1,SSW-104-01-L-D,
Q4,SOT-23,1,BC848,
R31,R_0805_2012Metric_Pad1.20x1.40mm_HandSolder,1,2K2,
H4,MountingHole_3.2mm_M3,1,MountingHole,
SW2,SW_PUSH_6mm_H4.3mm,1,SW_Push,
GPIO2,TestPoint_Pad_1.5x1.5mm,1,GPIO2,
D9,SOD3716X135N,1,BAT54T1G,
L1,INDPM5850X530N,1,B82442T1685K050,
C5,CP_Elec_8x6.2,1,865080253012 470uF 10V,
VR1,PT10MH01103A2020S,1,PT10MH01-103A2020-S,
C10,C_0805_2012Metric_Pad1.18x1.45mm_HandSolder,1,100nF,
Q1,SOT-23,1,BC848,
R33,R_0805_2012Metric_Pad1.20x1.40mm_HandSolder,1,100k,
R34,R_0805_2012Metric_Pad1.20x1.40mm_HandSolder,1,220k,
R23,R_0805_2012Metric_Pad1.20x1.40mm_HandSolder,1,100R,
R29,R_0805_2012Metric_Pad1.20x1.40mm_HandSolder,1,0R,
J1,PinHeader_1x09_P2.54mm_Vertical,1,Conn_01x09,
J2,PinHeader_1x09_P2.54mm_Vertical,1,Conn_01x09,
ANALOGICI1,PinHeader_1x06_P2.54mm_Vertical,1,Conn_01x06,
Digitali1,PinHeader_1x10_P2.54mm_Vertical,1,Conn_01x10,
Digitali2,PinHeader_1x08_P2.54mm_Vertical,1,Conn_01x08,
